<?xml version="1.0" encoding="UTF-8"?>
<!-- Created with TexturePacker http://texturepacker.com-->
<!-- $TexturePacker:SmartUpdate:168c70248cf203a568db7ce09f9c9aff$ -->
<TextureAtlas imagePath="minimal.png">
    <SubTexture name="button-back-disabled-skin" x="215" y="3" width="36" height="60"/>
    <SubTexture name="button-back-down-skin" x="175" y="3" width="36" height="60"/>
    <SubTexture name="button-back-up-skin" x="135" y="3" width="36" height="60"/>
    <SubTexture name="button-call-to-action-up-skin" x="358" y="3" width="11" height="11"/>
    <SubTexture name="button-danger-down-skin" x="120" y="110" width="15" height="15"/>
    <SubTexture name="button-danger-up-skin" x="343" y="18" width="11" height="11"/>
    <SubTexture name="button-disabled-skin" x="343" y="3" width="11" height="11"/>
    <SubTexture name="button-down-skin" x="101" y="110" width="15" height="15"/>
    <SubTexture name="button-forward-disabled-skin" x="91" y="3" width="40" height="60"/>
    <SubTexture name="button-forward-down-skin" x="47" y="3" width="40" height="60"/>
    <SubTexture name="button-forward-up-skin" x="3" y="3" width="40" height="60"/>
    <SubTexture name="button-quiet-up-skin" x="461" y="83" width="11" height="11"/>
    <SubTexture name="button-selected-disabled-skin" x="82" y="110" width="15" height="15"/>
    <SubTexture name="button-selected-skin" x="63" y="110" width="15" height="15"/>
    <SubTexture name="button-up-skin" x="446" y="83" width="11" height="11"/>
    <SubTexture name="callout-arrow-bottom" x="295" y="33" width="44" height="26"/>
    <SubTexture name="callout-arrow-left" x="33" y="67" width="26" height="44"/>
    <SubTexture name="callout-arrow-right" x="3" y="67" width="26" height="44"/>
    <SubTexture name="callout-arrow-top" x="255" y="3" width="44" height="26"/>
    <SubTexture name="callout-background-skin" x="431" y="83" width="11" height="11"/>
    <SubTexture name="check-disabled-icon" x="429" y="43" width="36" height="36"/>
    <SubTexture name="check-icon" x="469" y="33" width="36" height="36"/>
    <SubTexture name="check-selected-disabled-icon" x="429" y="3" width="36" height="36"/>
    <SubTexture name="check-selected-icon" x="376" y="53" width="36" height="36"/>
    <SubTexture name="drop-down-arrow" x="3" y="115" width="21" height="10"/>
    <SubTexture name="header-skin" x="469" y="18" width="5" height="11"/>
    <SubTexture name="inset-background-disabled-skin" x="416" y="83" width="11" height="11"/>
    <SubTexture name="inset-background-focus-skin" x="414" y="33" width="11" height="11"/>
    <SubTexture name="inset-background-skin" x="399" y="33" width="11" height="11"/>
    <SubTexture name="list-accessory-drill-down-icon" x="479" y="3" width="18" height="26"/>
    <SubTexture name="list-item-down" x="469" y="3" width="6" height="11"/>
    <SubTexture name="list-item-selected" x="501" y="18" width="6" height="11"/>
    <SubTexture name="list-item-up" x="501" y="3" width="6" height="11"/>
    <SubTexture name="page-indicator-normal-disabled-skin" x="383" y="33" width="12" height="12"/>
    <SubTexture name="page-indicator-normal-skin" x="203" y="110" width="12" height="12"/>
    <SubTexture name="page-indicator-selected-disabled-skin" x="187" y="110" width="12" height="12"/>
    <SubTexture name="page-indicator-selected-skin" x="171" y="110" width="12" height="12"/>
    <SubTexture name="pf_ronda_seven_0" x="219" y="107" width="256" height="18" frameX="0" frameY="0" frameWidth="256" frameHeight="32"/>
    <SubTexture name="picker-list-item-selected-icon" x="255" y="33" width="36" height="29"/>
    <SubTexture name="radio-disabled-icon" x="336" y="63" width="36" height="36"/>
    <SubTexture name="radio-icon" x="296" y="63" width="36" height="36"/>
    <SubTexture name="radio-selected-disabled-icon" x="256" y="66" width="36" height="36"/>
    <SubTexture name="radio-selected-icon" x="216" y="67" width="36" height="36"/>
    <SubTexture name="scrollbar-thumb-skin" x="28" y="115" width="4" height="4"/>
    <SubTexture name="tab-down-skin" x="165" y="67" width="47" height="39"/>
    <SubTexture name="tab-selected-disabled-skin" x="114" y="67" width="47" height="39"/>
    <SubTexture name="tab-selected-skin" x="63" y="67" width="47" height="39"/>
    <SubTexture name="thumb-disabled-skin" x="155" y="110" width="12" height="12" frameX="-4" frameY="-4" frameWidth="16" frameHeight="16"/>
    <SubTexture name="thumb-skin" x="139" y="110" width="12" height="12" frameX="-4" frameY="-4" frameWidth="16" frameHeight="16"/>
    <SubTexture name="toolbar-button-disabled-skin" x="323" y="3" width="16" height="16"/>
    <SubTexture name="toolbar-button-down-skin" x="303" y="3" width="16" height="16"/>
    <SubTexture name="toolbar-button-selected-skin" x="363" y="33" width="16" height="16"/>
    <SubTexture name="toolbar-button-up-skin" x="343" y="33" width="16" height="16"/>
</TextureAtlas>
